index,iteration,val_qvalues,val_wis,val_ess,epoch,created_at,version,threshold,seed
97,9800.0,11.24780559539795,92.49739074707033,202.9131317138672,5,2021-11-15 19:47:41.309691,17,0.5,1
