index,iteration,val_qvalues,val_wis,val_ess,epoch,created_at,version,threshold,seed
90,9100.0,10.518902778625488,93.28845977783205,216.86627197265625,5,2021-11-15 19:51:43.311177,27,0.5,4
